Annual FOIA Report Raw Data Template - last updated 11-14-17,,,,,,,,,,,,,,,,,,,,,,,,,,,,,,,,,
,,,,Exemption 3 Statutes,,,,,,,,Disposition,,,,Appeal,,,Reason for Denial on Appeal - Reason(s) ,,,,Request for Expedited Processing,,,,,Request for Fee Waiver,,,,,
Component/Office,Request Number,Is This A Consultation? (Y/N),Days Allowed,Statute Citation(s),Type(s) of Information Withheld,Case Citation(s),Initially Received,Perfected,Completed,Days Tolled,Track,Reason,"Disposition ""Other"" Reason",Exemption(s) Applied,,Date Received ,Date Closed ,Disposition,Reason(s),"""Other"" Reason(s)",Exemption(s) Applied,,Date Received,Date of Determination,Number of Days to Adjudicate,Granted / Denied,,Date Adjudication Began,Date Adjudication Completed,Number of Days to Adjudicate,Granted / Denied,Amount of Fees Collected,
TVA,4803,N,224,,,,3/4/2016,6/10/2016,5/3/2017,69,3,Partial Grant,,"4, 5",,,,,,,,,,,,,,,,,,,
TVA,4839,N,236,,,,5/9/2016,5/9/2016,4/18/2017,,3,Partial Grant,,"2, 4, 5, 7(f)",,,,,,,,,,,,,,,,,,,
TVA,4840,N,322,,,,5/9/2016,5/9/2016,8/18/2017,,3,Partial Grant,,"5, 6",,,,,,,,,,,,,,,,,,,
TVA,4859,N,177,41 USC § 4702,Proposal in response to competitive procurement,"Sinkfield v. HUD, No. 10-885, 2012 U.S. Dist. LEXIS 35233, at *13-15 (S.D. Ohio Mar. 15, 2012); Margolin v. NASA, No. 09-CV-00421, 2011 WL 1303221, at *6 (D. Nev. Mar. 31, 2011); Hornbostel v. U.S. Dep't of the Interior, 305 F. Supp. 2d 21, 30 (D.D.C. 2003), summary affirmance granted, No. 03-5257, 2004 WL 1900562 (D.C. Cir. Aug. 25, 2004).",5/31/2016,5/31/2016,2/14/2017,,3,Partial Grant,,"3, 4, 5, 7(e)",,,,,,,,,,,,,,,,,,,
TVA,4880,N,189,,,,7/15/2016,7/15/2016,1/20/2017,,3,Partial Grant,,"4, 7(f)",,,,,,,,,,,,,,,,,,,
TVA,4888,N,72,,,,8/1/2016,8/1/2016,11/14/2016,,2,Partial Grant,,5,,,,,,,,,,,,,,,,,,,
TVA,4889,N,74,,,,8/1/2016,8/1/2016,11/16/2016,,2,Full Grant,,,,,,,,,,,,,,,,,,,,,
TVA,4890,N,74,,,,8/1/2016,8/1/2016,11/16/2016,,2,Full Grant,,,,,,,,,,,,,,,,,,,,,
TVA,4896,N,290,,,,8/4/2016,8/4/2016,9/29/2017,,3,Partial Grant,Partial no records,,,,,,,,,,,,,,,,,,,,
TVA,4901,N,49,,,,8/15/2016,8/15/2016,10/25/2016,,2,Partial Grant,,7F,,,,,,,,,,,,,,,,,,,
TVA,4909,N,157,,,,8/17/2016,8/17/2016,4/5/2017,,3,Partial Grant,Partial no records,5,,,,,,,,,,,,,,,,,,,
TVA,4911,N,55,,,,8/22/2016,8/22/2016,11/9/2016,,2,Partial Grant,Partial no records,,,,,,,,,,,,,,,,,,,,
TVA,4916,N,35,,,,9/2/2016,9/2/2016,10/25/2016,,2,Full Grant,,,,,,,,,,,,,,,,,,,,,
TVA,4921,N,14,,,,9/19/2016,9/19/2016,10/7/2016,,1,Full Denial,No records,,,,,,,,,,,,,,,,,,,,
TVA,4922,N,36,,,,9/23/2016,9/23/2016,11/16/2016,,2,Partial Grant,,"4, 5",,,,,,,,,,,,,,,,,,,
TVA,4923,N,9,,,,9/26/2016,9/26/2016,10/7/2016,,1,Full Grant,,,,,,,,,,,,,,,,,,,,,
TVA,4924,N,7,,,,9/26/2016,9/26/2016,10/5/2016,,1,Full Denial,No records,,,10/28/2016,11/18/2016,Denied in Full,No records,No records,,,,,,,,,,,,,
TVA,4926,N,5,,,,10/5/2016,10/5/2016,10/13/2016,,1,Full Grant,,,,,,,,,,,,,,,,,,,,,
TVA,4927,N,2,,,,10/5/2016,10/5/2016,10/13/2016,,1,Partial Grant,,6,,,,,,,,,,,,,,,,,,,
TVA,4928,N,25,,,,10/11/2016,10/11/2016,11/16/2016,,2,Full Grant,,,,,,,,,,,,,,,,,,,,,
TVA,4929,N,8,,,,10/12/2016,10/12/2016,10/24/2016,,1,Full Grant,,,,,,,,,,,,,,,,,,,,,
TVA,4930,N,9,,,,10/12/2016,10/12/2016,10/25/2016,,1,Partial Grant,,6,,,,,,,,,,,,,,,,,,,
TVA,4931,N,5,,,,10/19/2016,10/19/2016,10/26/2016,,1,Full Grant,,,,,,,,,,,,,,,,,,,,,
TVA,4932,N,37,,,,10/25/2016,10/25/2016,12/19/2016,,2,Partial Grant,,"5, 6, 7(c),7(d)",,1/23/2017,2/21/2017,Partial Grant,,,"5, 6, 7(c),7(d)",,,,,,,,,,,,
TVA,4933,N,2,,,,10/26/2016,10/26/2016,10/28/2016,,1,Full Grant,,,,,,,,,,,,,,,,,,,,,
TVA,4934,N,34,,,,10/28/2016,11/30/2016,1/20/2017,21,2,Full Grant,,,,,,,,,,,,,,,,,,,,,
TVA,4935,N,7,,,,10/31/2016,10/31/2016,11/9/2016,,1,Full Grant,,,,,,,,,,,,,,,,,,,,,
TVA,4936,N,9,,,,10/31/2016,10/31/2016,11/14/2016,,1,Full Denial,No records,,,,,,,,,,,,,,,,,,,,
TVA,4937,N,5,,,,11/3/2016,11/3/2016,11/10/2016,,1,Partial Grant,No records,,,,,,,,,,,,,,,,,,,,
TVA,4938,N,1,,,,11/11/2016,11/14/2016,11/14/2016,,1,Partial Grant,,6,,,,,,,,,,,,,,,,,,,
TVA,4939,N,15,,,,11/15/2016,,12/7/2016,,1,,Not perfected,,,,,,,,,,,,,,,,,,,,
TVA,4940,N,21,,,,12/14/2016,12/14/2016,1/17/2017,,2,Partial Grant,,4,,,,,,,,,,,,,,,,,,,
TVA,4941,N,1,,,,11/16/2016,,11/16/2016,,1,,Not perfected,,,,,,,,,,,,,,,,,,,,
TVA,4942,N,37,,,,10/25/2016,10/25/2016,12/19/2016,,2,Partial Grant,,,,,,,,,,,,,,,,,,,,,
TVA,4943,N,5,,,,11/21/2016,11/21/2016,11/29/2016,,1,Partial Grant,,6,,,,,,,,,,,,,,,,,,,
TVA,4944,N,51,,,,11/22/2016,11/22/2016,1/12/2017,,1,Partial Grant,,4,,,,,,,,,,,,,,,,,,,
TVA,4945,N,4,,,,11/22/2016,11/22/2016,11/29/2016,,1,Partial Grant,,6,,,,,,,,,,,,,,,,,,,
TVA,4946,N,40,,,,11/25/2016,11/25/2016,1/4/2017,,1,Full Denial,No records,,,,,,,,,,,,,,,,,,,,
TVA,4947,N,16,,,,11/18/2016,11/18/2016,12/20/2016,,1,Full Grant,,,,,,,,,,,,,,,,,,,,,
TVA,4948,N,39,,,,12/1/2016,12/1/2016,1/9/2017,,2,Full Grant,,,,,,,,,,,,,,,,,,,,,
TVA,4949,N,149,,,,12/6/2016,12/6/2016,7/11/2017,,,,,,,,,,,,,,,,,,,,,,,,
TVA,4950,N,26,,,,12/9/2016,12/9/2016,1/4/2017,,1,Full Denial,No records,,,,,,,,,,,,,,,,,,,,
TVA,4951,N,19,,,,12/2/2016,,1/9/2017,,,,Not perfected,,,,,,,,,,,,,,,,,,,,
TVA,4952,N,16,,,,1/18/2017,1/18/2017,2/9/2017,,2,Partial Grant,,"4, 5",,,,,,,,,,,,,,,,,,,
TVA,4953,N,24,,,,12/20/2016,12/20/2016,1/13/2017,,1,Full Grant,,,,,,,,,,,,,,,,,,,,,
TVA,4954,N,7,,,,12/28/2016,12/28/2016,1/9/2017,,1,Full Grant,,,,,,,,,,,,,,,,,,,,,
TVA,4955,N,17,,,,1/3/2017,1/3/2017,1/20/2017,,1,Full Grant,,,,,,,,,,,,,,,,,,,,,
TVA,4956,N,1,,,,1/3/2017,1/3/2017,1/4/2017,,1,Partial Grant,,6,,,,,,,,,,,,,,,,,,,
TVA,4957,N,20,,,,1/3/2017,1/3/2017,1/23/2017,,1,Full Denial,,5,,,,,,,,,,,,,,,,,,,
TVA,4958,N,17,,,,1/3/2017,1/3/2017,1/20/2017,,1,Partial Grant,,6,,,,,,,,,,,,,,,,,,,
TVA,4959,N,27,,,,1/4/2017,1/4/2017,2/13/2017,,2,Full Denial,No records,,,,,,,,,,,,,,,,,,,,
TVA,4960,N,3,,,,1/5/2017,1/5/2017,1/10/2017,,1,Partial Grant,,6,,,,,,,,,,,,,,,,,,,
TVA,4961,N,2,,,,1/6/2017,1/6/2017,1/10/2017,,1,Full Grant,,,,,,,,,,,,,,,,,,,,,
TVA,4962,N,,,Exp. Processing appeal,,,,,,,,,,,2/8/2017,3/7/2017,Denied,Denied exp processing no urgency,,,,1/6/2017,1/13/2017,5,Denied,,,,,,,
TVA,4963,N,34,,,,1/6/2017,1/6/2017,2/27/2017,,2,Partial Grant,,6,,2/8/2017,3/7/2017,Denied,Denied exp processing no urgency,,,,1/6/2017,1/13/2017,5,Denied,,,,,,,
TVA,4964,N,28,,,,1/9/2017,1/9/2017,2/17/2017,,2,Full Grant,,,,,,,,,,,,,,,,,,,,,
TVA,4965,N,15,,,,1/9/2017,1/9/2017,1/31/2017,,1,Partial Grant,Partial no records,,,,,,,,,,,,,,,,,,,,
TVA,4966,N,1,,,,1/10/2017,1/10/2017,1/10/2017,,1,Full Grant,,,,,,,,,,,,,,,,,,,,,
TVA,4967,N,65,,,,1/11/2017,1/11/2017,4/14/2017,,2,Partial Grant,,4,,,,,,,,,,,,,,,,,,,
TVA,4968,N,13,,,,1/11/2017,1/11/2017,1/24/2017,,1,Partial Grant,,6,,,,,,,,,,,,,,,,,,,
TVA,4969,N,8,,,,1/12/2017,1/12/2017,1/20/2017,,1,Partial Grant,,6,,,,,,,,,,,,,,,,,,,
TVA,4970,N,100,,,,1/7/2017,1/7/2017,6/1/2017,,3,Full Grant,,,,,,,,,,,,,,,,,,,,,
TVA,4971,N,13,,,,1/18/2017,1/18/2017,2/6/2017,,1,Full Denial,No records,,,,,,,,,,,,,,,,,,,,
TVA,4972,N,6,,,,1/18/2017,1/18/2017,1/24/2017,,1,Full Grant,,,,,,,,,,,,,,,,,,,,,
TVA,4973,N,6,,,,1/18/2017,1/18/2017,1/24/2017,,1,,Withdrawn,,,,,,,,,,,,,,,,,,,,
TVA,4974,N,9,,,,1/24/2017,1/24/2017,2/6/2017,,1,Partial Grant,,6,,,,,,,,,,,,,,,,,,,
TVA,4975,N,1,,,,1/25/2017,1/25/2017,1/26/2017,,1,Partial Grant,,6,,,,,,,,,,,,,,,,,,,
TVA,4976,N,7,,,,1/25/2017,1/25/2017,2/3/2017,,1,Full Grant,,,,,,,,,,,,,,,,,,,,,
TVA,4977,N,9,,,,1/26/2017,2/6/2017,2/17/2017,7,1,Full Grant,,,,,,,,,,,,,,,,,,,,,
TVA,4978,N,6,,,,1/27/2017,1/27/2017,2/6/2017,,1,Partial Grant,,6,,,,,,,,,,,,,,,,,,,
TVA,4979,N,36,,,,1/31/2017,1/31/2017,3/23/2017,,2,Partial Grant,,6,,,,,,,,,,,,,,,,,,,
TVA,4980,N,16,,,,2/8/2017,3/10/2017,4/3/2017,21,1,Partial Grant,,5,,,,,,,,,,,,,,,,,,,
TVA,4981,N,4,,,,2/8/2017,2/8/2017,2/14/2017,,1,Full Grant,,,,,,,,,,,,,,,,,,,,,
TVA,4982,N,25,,,,2/9/2017,2/9/2017,3/17/2017,,2,Full Grant,,,,,,,,,,,,,,,,,,,,,
TVA,4983,N,8,,,,2/10/2017,2/10/2017,2/23/2017,,1,Full Grant,,,,,,,,,,,,,,,,,,,,,
TVA,4984,N,28,,,,2/13/2017,2/13/2017,3/24/2017,,2,Full Grant,,,,,,,,,,,,,,,,,,,,,
TVA,4985,N,3,,,,2/15/2017,2/15/2017,2/21/2017,,1,Full Grant,,,,,,,,,,,,,,,,,,,,,
TVA,4986,N,2,,,,2/16/2017,2/16/2017,2/21/2017,,1,Full Grant,,,,,,,,,,,,,,,,,,,,,
TVA,4987,N,8,,,,3/2/2017,3/2/2017,3/14/2017,,1,Full Grant,,,,,,,,,,,,,,,,,,,,,
TVA,4989,N,15,,,,2/21/2017,2/21/2017,3/14/2017,,1,Partial Grant,,"4, 5",,5/30/2017,6/26/2017,Denied,,,4,,,,,,,,,,,,
TVA,4990,N,16,,,,2/21/2017,2/21/2017,3/15/2017,,1,Full Denial,No records,,,,,,,,,,,,,,,,,,,,
TVA,4991,N,22,,,,2/24/2017,2/24/2017,3/28/2017,,2,Full Grant,,,,,,,,,,,,,,,,,,,,,
TVA,4992,N,16,,,,3/1/2017,3/1/2017,3/23/2017,,1,Partial Grant,,6,,,,,,,,,,,,,,,,,,,
TVA,4993,N,12,,,,3/7/2017,3/7/2017,3/23/2017,,1,Partial Grant,,6,,,,,,,,,,,,,,,,,,,
TVA,4994,N,12,,,,3/7/2017,3/7/2017,3/23/2017,,1,Partial Grant,,6,,,,,,,,,,,,,,,,,,,
TVA,4995,N,4,,,,3/9/2017,3/9/2017,3/15/2017,,1,Full Grant,,,,,,,,,,,,,,,,,,,,,
TVA,4996,N,4,,,,3/9/2017,3/9/2017,3/15/2017,,1,Full Grant,,,,,,,,,,,,,,,,,,,,,
TVA,4997,N,2,,,,3/14/2017,3/14/2017,3/16/2017,,1,Partial Grant,,6,,,,,,,,,,,,,,,,,,,
TVA,4998,N,4,,,,3/14/2017,3/14/2017,3/20/2017,,1,Full Grant,,,,,,,,,,,,,,,,,,,,,
TVA,4999,N,26,,,,3/16/2017,3/22/2017,4/27/2017,4,2,Partial Grant,,"2, 4, 5",,,,,,,,,,,,,,,,,,,
TVA,5000,N,35,,,,3/23/2017,3/23/2017,5/11/2017,,2,Partial Grant,,4,,,,,,,,,,,,,,,,,,,
TVA,5001,N,20,,,,3/27/2017,3/27/2017,4/24/2017,,1,Full Grant,,,,,,,,,,,,,,,,,,,,,
TVA,5002,N,77,,,,3/27/2017,3/27/2017,7/14/2017,,2,Partial Grant,,5,,,,,,,,,,,,,,,,,,,
TVA,5003,N,17,,,,3/27/2017,3/27/2017,4/19/2017,,1,Full Denial,,"4, 5",,4/28/2017,5/15/2017,Denied,,,"4, 5",,,,,,,,,,,,
TVA,5004,N,17,,,,3/28/2017,3/28/2017,4/20/2017,,1,Partial Grant,,6,,,,,,,,,,,,,,,,,,,
TVA,5005,N,24,,,,3/29/2017,3/29/2017,5/2/2017,,2,Partial Grant,,5,,,,,,,,,,,,,,,,,,,
TVA,5006,N,6,,,,4/3/2017,4/3/2017,4/11/2017,,1,Partial Grant,,6,,,,,,,,,,,,,,,,,,,
TVA,5007,N,15,,,,4/3/2017,4/3/2017,4/24/2017,,1,Full Denial,No records,,,,,,,,,,,,,,,,,,,,
TVA,5008,N,33,,,,4/3/2017,4/3/2017,5/18/2017,,2,Partial Grant,,"2, 4",,,,,,,,,,,,,,,,,,,
TVA,5009,N,70,,,,4/3/2017,4/3/2017,7/12/2017,,2,Partial Grant,,"5, 6",,,,,,,,,,,,,,,,,,,
TVA,5010,N,4,,,,4/10/2017,4/10/2017,4/14/2017,,1,Partial Grant,,6,,,,,,,,,,,,,,,,,,,
TVA,5011,N,8,,,,4/13/2017,4/13/2017,4/25/2017,,1,Partial Grant,,6,,,,,,,,,,,,,,,,,,,
TVA,5012,N,5,,,,4/13/2017,4/13/2017,4/20/2017,,1,Partial Grant,Partial no records,5,,,,,,,,,,,,,,,,,,,
TVA,5013,N,2,,,,4/17/2017,4/17/2017,4/19/2017,,1,Partial Grant,,"6, 7 c",,,,,,,,,,,,,,,,,,,
TVA,5014,N,21,,,,4/19/2017,4/19/2017,5/18/2017,,1,Partial Grant,,6,,,,,,,,,,,,,,,,,,,
TVA,5015,N,12,,,,4/19/2017,4/19/2017,5/5/2017,,1,Partial Grant,,6,,,,,,,,,,,,,,,,,,,
TVA,5016,N,1,,,,4/21/2017,4/21/2017,4/24/2017,,1,Partial Grant,,6,,,,,,,,,,,,,,,,,,,
TVA,5017,N,1,,,,4/12/2017,4/12/2017,4/12/2017,,1,Full Grant,,,,,,,,,,,,,,,,,,,,,
TVA,5018,N,7,,,,4/27/2017,4/27/2017,5/8/2017,,1,Full Grant,,,,,,,,,,,,,,,,,,,,,
TVA,5019,N,1,,,,4/26/2017,4/26/2017,4/27/2017,,1,Partial Grant,,6,,,,,,,,,,,,,,,,,,,
TVA,5020,N,7,,,,4/27/2017,4/27/2017,5/8/2017,,1,Partial Grant,,6,,,,,,,,,,,,,,,,,,,
TVA,5021,N,6,,,,4/28/2017,4/28/2017,5/19/2017,,1,Full Denial,No records,,,,,,,,,,,,,,,,,,,,
TVA,5022,N,33,,,,5/2/2017,5/2/2017,6/19/2017,,2,Full Grant,,,,,,,,,,,,,,,,,,,,,
TVA,5023,N,13,,,,5/2/2017,5/2/2017,5/19/2017,,,,Not perfected,,,,,,,,,,,,,,,,,,,,
TVA,5024,N,2,,,,5/3/2017,5/3/2017,5/5/2017,,1,Full Grant,,,,,,,,,,,,,,,,,,,,,
TVA,5025,N,1,,,,5/4/2017,5/4/2017,5/5/2017,,1,Partial Grant,,6,,,,,,,,,,,,,,,,,,,
TVA,5026,N,10,,,,5/5/2017,5/5/2017,5/19/2017,,1,Partial Grant,,"5, 6",,,,,,,,,,,,,,,,,,,
TVA,5027,N,21,,,,5/8/2017,5/8/2017,6/7/2017,,1,Full Grant,,,,,,,,,,,,,,,,,,,,,
TVA,5028,N,7,,,,5/8/2017,5/8/2017,5/17/2017,,1,Partial Grant,,6,,,,,,,,,,,,,,,,,,,
TVA,5029,N,7,,,,5/9/2017,5/9/2017,5/18/2017,,1,Partial Grant,,6,,,,,,,,,,,,,,,,,,,
TVA,5030,N,7,,,,5/9/2017,5/9/2017,5/18/2017,,1,Partial Grant,,6,,,,,,,,,,,,,,,,,,,
TVA,5031,N,6,,,,5/10/2017,5/10/2017,5/18/2017,,1,Partial Grant,,6,,,,,,,,,,,,,,,,,,,
TVA,5032,N,44,,,,5/11/2017,5/11/2017,7/14/2017,,2,Partial Grant,,"5, 6",,,,,,,,,,,,,,,,,,,
TVA,5033,Y,8,,,,5/11/2017,5/11/2017,5/23/2017,,1,Full Grant,,,,,,,,,,,,,,,,,,,,,
TVA,5034,N,6,,,,5/15/2017,5/15/2017,5/23/2017,,1,Full Grant,,,,,,,,,,,,,,,,,,,,,
TVA,5035,N,10,,,,5/17/2017,5/17/2017,6/1/2017,,1,Partial Grant,,6,,,,,,,,,,,,,,,,,,,
TVA,5036,N,1,,,,5/17/2017,5/17/2017,5/18/2017,,1,Partial Grant,,6,,,,,,,,,,,,,,,,,,,
TVA,5037,N,3,,,,5/18/2017,5/18/2017,5/23/2017,,1,Partial Grant,,6,,,,,,,,,,,,,,,,,,,
TVA,5038,N,7,,,,5/18/2017,5/18/2017,5/30/2017,,1,Full Denial,No records,,,,,,,,,,,,,,,,,,,,
TVA,5039,N,11,,,,5/22/2017,5/22/2017,6/7/2017,,1,Full Grant,,,,,,,,,,,,,,,,,,,,,
TVA,5040,N,7,,,,5/22/2017,5/22/2017,6/1/2017,,1,Partial Grant,Partial no records,,,,,,,,,,,,,,,,,,,,
TVA,5041,N,38,,,,5/24/2017,5/24/2017,7/19/2017,,2,Partial Grant,,5,,,,,,,,,,,,,,,,,,,
TVA,5042,N,55,,,,5/25/2017,6/24/2017,8/31/2017,,2,Partial Grant,,"2, 4, 5, 6, 7(f)",,,,,,,,,,,,,,,,,,,
TVA,5043,N,4,,,,5/25/2017,5/25/2017,6/1/2017,,1,Full Denial,No records,,,,,,,,,,,,,,,,,,,,
TVA,5044,N,,,,,5/26/2017,5/26/2017,9/15/2017,,2,Partial Grant,,"5, 6, 7(c), 7(f)",,,,,,,,,,,,,,,,,,,
TVA,5045,N,43,,,,5/31/2017,5/31/2017,9/5/2017,11,2,Partial Grant,,"4, 5",,7/5/2017,7/14/2017,Denied,Reopen request for new scope,Search,,,,,,,,,,,,,
TVA,5046,N,12,,,,6/1/2017,6/1/2017,6/19/2017,,1,Partial Grant,,6,,,,,,,,,,,,,,,,,,,
TVA,5047,N,77,,,,6/12/2017,6/12/2017,9/28/2017,,2,Partial Grant,,"4, 5",,,,,,,,,,,,,,,,,,,
TVA,5048,N,15,,,,6/8/2017,6/8/2017,6/29/2017,,1,Partial Grant,,5,,,,,,,,,,,,,,,,,,,
TVA,5049,N,21,,,,6/12/2017,6/12/2017,7/12/2017,,1,Full Grant,,,,,,,,,,,,,,,,,,,,,
TVA,5050,N,4,,,,6/14/2017,6/14/2017,6/20/2017,,1,Partial Grant,,6,,,,,,,,,,,,,,,,,,,
TVA,5051,N,18,,,,6/14/2017,6/14/2017,7/11/2017,,1,Partial Grant,,"5, 6, 7 c, 7 e",,,,,,,,,,,,,,,,,,,
TVA,5052,N,4,,,,6/16/2017,6/16/2017,6/22/2017,,,,Not perfected,,,,,,,,,,,,,,,,,,,,
TVA,5053,Y,3,,,,6/16/2017,6/16/2017,6/21/2017,,1,Full Grant,,,,,,,,,,,,,,,,,,,,,
TVA,5054,N,42,,,,6/20/2017,6/20/2017,8/18/2017,,2,Full Denial,No records,,,,,,,,,,,,,,,,,,,,
TVA,5055,N,21,,,,6/20/2017,6/20/2017,7/20/2017,,1,Full Grant,,,,,,,,,,,,,,,,,,,,,
TVA,5057,N,28,,,,6/20/2017,6/20/2017,7/31/2017,,2,Full Grant,,,,,,,,,,,,,,,,,,,,,
TVA,5058,N,28,,,,6/20/2017,6/20/2017,7/31/2017,,2,Full Grant,,,,,,,,,,,,,,,,,,,,,
TVA,5059,N,44,,,,6/20/2017,6/20/2017,8/22/2017,,2,Partial Grant,Partial no records,,,,,,,,,,,,,,,,,,,,
TVA,5060,N,21,,,,6/20/2017,6/20/2017,7/20/2017,,1,Full Grant,,,,,,,,,,,,,,,,,,,,,
TVA,5061,N,4,,,,6/23/2017,6/23/2017,6/29/2017,,1,Partial Grant,Partial no records,,,,,,,,,,,,,,,,,,,,
TVA,5062,N,35,,,,6/20/2017,6/20/2017,8/9/2017,,2,Full Grant,,,,,,,,,,,,,,,,,,,,,
TVA,5063,N,11,,,,6/26/2017,6/26/2017,7/12/2017,,1,Full Denial,No records,,,,,,,,,,,,,,,,,,,,
TVA,5064,N,26,,,,6/26/2017,6/26/2017,8/2/2017,,2,Full Grant,,,,,,,,,,,,,,,,,,,,,
TVA,5065,N,19,,,,6/27/2017,6/27/2017,7/25/2017,,1,Partial Grant,,"5, 6",,,,,,,,,,,,,,,,,,,
TVA,5066,N,6,,,,6/29/2017,6/29/2017,7/10/2017,,1,Partial Grant,Partial no records,,,,,,,,,,,,,,,,,,,,
TVA,5067,N,15,,,,6/29/2017,6/29/2017,7/21/2017,,1,Partial Grant,Partial no records,"2, 4, 5",,,,,,,,,,,,,,,,,,,
TVA,5068,N,18,,,,7/3/2017,7/3/2017,7/28/2017,,1,Partial Grant,,"2, 5, 6",,,,,,,,,,,,,,,,,,,
TVA,5069,N,16,,,,7/7/2017,7/7/2017,7/31/2017,,1,Full Grant,,,,,,,,,,,,,,,,,,,,,
TVA,5070,N,12,,,,7/10/2017,7/10/2017,7/26/2017,,1,Full Denial,No records,,,,,,,,,,,,,,,,,,,,
TVA,5071,N,10,,,,7/12/2017,7/12/2017,7/26/2017,,1,Partial Grant,,6,,,,,,,,,,,,,,,,,,,
TVA,5072,N,9,,,,7/13/2017,7/13/2017,7/26/2017,,1,Full Denial,No records,,,,,,,,,,,,,,,,,,,,
TVA,5073,N,11,,,,7/17/2017,7/17/2017,8/1/2017,,1,Partial Grant,,"2, 5, 6",,,,,,,,,,,,,,,,,,,
TVA,5074,N,13,,,,7/13/2017,7/13/2017,8/1/2017,,1,Full Grant,,,,,,,,,,,,,,,,,,,,,
TVA,5075,N,10,,,,7/17/2017,7/17/2017,7/31/2017,,1,Full Denial,No records,,,,,,,,,,,,,,,,,,,,
TVA,5076,N,7,,,,7/20/2017,7/20/2017,7/31/2017,,1,Partial Grant,,"5, 6",,,,,,,,,,,,,,,,,,,
TVA,5077,N,7,,,,7/17/2017,7/17/2017,7/26/2017,,1,Partial Grant,,6,,,,,,,,,,,,,,,,,,,
TVA,5078,N,37,,,,7/19/2017,7/19/2017,9/11/2017,,2,Partial Grant,,"6, 7(c), 7(f)",,,,,,,,,,,,,,,,,,,
TVA,5079,N,25,,,,7/24/2017,7/24/2017,8/28/2017,,2,Full Denial,No records,,,,,,,,,,,,,,,,,,,,
TVA,5081,N,4,,,,7/24/2017,7/24/2017,7/28/2017,,1,Partial Grant,,6,,,,,,,,,,,,,,,,,,,
TVA,5083,N,26,,,,8/1/2017,8/1/2017,9/7/2017,,2,Full Grant,,,,,,,,,,,,,,,,,,,,,
TVA,5084,N,19,,,,8/1/2017,8/1/2017,8/28/2017,,1,Partial Grant,,6,,,,,,,,,,,,,,,,,,,
TVA,5085,N,6,,,,8/4/2017,8/4/2017,8/14/2017,,1,Full Grant,,,,,,,,,,,,,,,,,,,,,
TVA,5086,N,27,,,,8/7/2017,8/7/2017,9/14/2017,,2,Partial Grant,,6,,,,,,,,,,,,,,,,,,,
TVA,5088,N,5,,,,8/7/2017,8/7/2017,8/14/2017,,1,Full Denial,No records,,,,,,,,,,,,,,,,,,,,
TVA,5089,N,1,,,,8/15/2017,8/15/2017,8/15/2017,,1,Partial Grant,,6,,,,,,,,,,,,,,,,,,,
TVA,5090,N,4,,,,8/18/2017,8/18/2017,8/24/2017,,1,Full Grant,,,,,,,,,,,,,,,,,,,,,
TVA,5091,N,4,,,,8/22/2017,8/22/2017,8/28/2017,,1,Full Denial,No records,,,,,,,,,,,,,,,,,,,,
TVA,5092,N,2,,,,8/24/2017,8/24/2017,8/28/2017,,1,Full Denial,No records,,,,,,,,,,,,,,,,,,,,
TVA,5093,N,1,,,,8/24/2017,8/24/2017,8/25/2017,,1,Partial Grant,,6,,,,,,,,,,,,,,,,,,,
TVA,5094,N,2,,,,8/24/2017,8/24/2017,8/28/2017,,1,Full Grant,,,,,,,,,,,,,,,,,,,,,
TVA,5095,N,2,,,,8/28/2017,8/28/2017,8/30/2017,,1,Full Grant,,,,,,,,,,,,,,,,,,,,,
TVA,5096,N,1,,,,8/25/2017,8/25/2017,8/25/2017,,1,,Not perfected - withdrawn,,,,,,,,,,,,,,,,,,,,
TVA,5097,N,14,,,,8/28/2017,8/28/2017,9/15/2017,,1,Full Grant,,,,,,,,,,,,,,,,,,,,,
TVA,5098,N,2,,,,8/28/2017,8/28/2017,8/30/2017,,1,Partial Grant,,6,,,,,,,,,,,,,,,,,,,
TVA,5099,N,2,,,,9/5/2017,9/5/2017,9/7/2017,,1,Partial Grant,Partial no records,,,,,,,,,,,,,,,,,,,,
TVA,5100,N,1,,,,9/5/2017,9/5/2017,9/5/2017,,1,Partial Grant,,6,,,,,,,,,,,,,,,,,,,
TVA,5101,N,11,,,,9/14/2017,9/14/2017,9/29/2017,,1,Full Grant,,,,,,,,,,,,,,,,,,,,,
TVA,5102,N,8,,,,8/30/2017,8/30/2017,9/12/2017,,1,Full Grant,,,,,,,,,,,,,,,,,,,,,
TVA,5103,N,1,,,,9/7/2017,9/7/2017,9/8/2017,,1,Full Grant,,,,,,,,,,,,,,,,,,,,,
TVA,5104,N,1,,,,9/8/2017,9/8/2017,9/29/2017,,15,Full Grant,,,,,,,,,,,,,,,,,,,,,
TVA,5105,N,1,,,,9/8/2017,9/8/2017,9/12/2017,,1,Full Grant,,,,,,,,,,,,,,,,,,,,,
TVA,5106,N,3,,,,9/11/2017,9/11/2017,9/14/2017,,1,Partial Grant,,6,,,,,,,,,,,,,,,,,,,
TVA,5107,N,2,,,,9/11/2017,9/11/2017,9/13/2017,,1,Partial Grant,,6,,,,,,,,,,,,,,,,,,,
TVA,5109,N,3,,,,9/13/2017,9/13/2017,9/18/2017,,1,Partial Grant,,6,,,,,,,,,,,,,,,,,,,
TVA,5110,N,12,,,,9/13/2017,9/13/2017,9/29/2017,,1,Full Denial,,5,,,,,,,,,,,,,,,,,,,
TVA,5111,N,3,,,,9/14/2017,9/14/2017,9/19/2017,,1,Full Grant,,,,,,,,,,,,,,,,,,,,,
TVA,5112,N,1,,,,9/15/2017,9/15/2017,9/18/2017,,1,Partial Grant,,6,,,,,,,,,,,,,,,,,,,
TVA,5116,N,7,,,,9/20/2017,9/20/2017,9/29/2017,,1,Full Grant,,,,,,,,,,,,,,,,,,,,,
TVA,5120,N,2,,,,9/27/2017,,9/29/2017,,1,,Not perfected,,,,,,,,,,,,,,,,,,,,
TVA,5123,N,1,,,,9/29/2017,9/29/2017,9/29/2017,,1,Full Grant,,,,,,,,,,,,,,,,,,,,,
,,,,,,,,,,,,,,,,,,,,,,,,,,,,,,,,,
,,,,,,,,,,,,,,,,,,,,,,,,,,,,,,,,,
,,,,201,Total Completed,,,,,,,,,,,,,,,,,,,,,,,,,,,,
